{"best/epoch": 4, "best/precision": 0.7562378309359615, "best/recall": 0.7813545590331304, "best/mAP_0.5": 0.8750864472549741, "best/mAP_0.5:0.95": 0.5410817439151512, "Labels": {"_type": "images/separated", "width": 1600, "height": 1600, "format": "jpg", "count": 2, "filenames": ["media/images/Labels_0_c7a633b1ab1b9fb9bd3f.jpg", "media/images/Labels_0_af7c8a03825171f56a5d.jpg"], "captions": ["labels.jpg", "labels_correlogram.jpg"]}, "train/box_loss": 0.03642377629876137, "train/obj_loss": 0.02716509811580181, "train/cls_loss": 0.014045347459614277, "metrics/precision": 0.753438819338402, "metrics/recall": 0.7815138933412057, "metrics/mAP_0.5": 0.8750919377643831, "metrics/mAP_0.5:0.95": 0.5410836885223693, "val/box_loss": 0.038905754685401917, "val/obj_loss": 0.03104897402226925, "val/cls_loss": 0.0064292591996490955, "x/lr0": 0.006601, "x/lr1": 0.006601, "x/lr2": 0.006601, "_timestamp": 1653736579, "_runtime": 402, "_step": 105, "Mosaics": {"_type": "images/separated", "width": 1920, "height": 1920, "format": "jpg", "count": 3, "filenames": ["media/images/Mosaics_1_dab5779c635897241f6c.jpg", "media/images/Mosaics_1_7580cb314b2518cea137.jpg", "media/images/Mosaics_1_c079ad8a9667e6abc644.jpg"], "captions": ["train_batch0.jpg", "train_batch1.jpg", "train_batch2.jpg"]}, "BoundingBoxDebugger": {"_type": "images/separated", "width": 672, "height": 512, "format": "png", "count": 16, "filenames": ["media/images/BoundingBoxDebugger_89_963a619f7734a1bc8180.png", "media/images/BoundingBoxDebugger_89_655ce94f80970aca1966.png", "media/images/BoundingBoxDebugger_89_73170cde40edbc56d64c.png", "media/images/BoundingBoxDebugger_89_a97538ca8abda1992b57.png", "media/images/BoundingBoxDebugger_89_70b9022903877cd1ea76.png", "media/images/BoundingBoxDebugger_89_8fc04065620768df5e01.png", "media/images/BoundingBoxDebugger_89_d6bf7cc11131a7a6be38.png", "media/images/BoundingBoxDebugger_89_0db10b20390f7dca3dce.png", "media/images/BoundingBoxDebugger_89_4a9d434c8e2cc2b9cdf1.png", "media/images/BoundingBoxDebugger_89_7741f54732f44298f257.png", "media/images/BoundingBoxDebugger_89_73972f2eeefa3ea22741.png", "media/images/BoundingBoxDebugger_89_08f092f068fb8fb0620e.png", "media/images/BoundingBoxDebugger_89_a2e89071fb04202b46ca.png", "media/images/BoundingBoxDebugger_89_9f857bb8737e49c0c24b.png", "media/images/BoundingBoxDebugger_89_aaded26979a82d3e8e47.png", "media/images/BoundingBoxDebugger_89_e1c0127efccd5227aafd.png"], "captions": ["all4_png.rf.2cd6cd14e47d87ec0b1699689ded258f.jpg", "output10_png.rf.1e966b70f7bc6055ac62c9ee0e2cc302.jpg", "output1225_png.rf.948a7ea0952c67831469a99328cf6fdc.jpg", "output124_png.rf.4588f56c199f1b1827b846fd1123a012.jpg", "output1457_png.rf.786fa359d54374e222da0ad0f4ad5a76.jpg", "output1472_png.rf.d428e0ef816e29a988da49e6d3874801.jpg", "output23_png.rf.1c6204bbe93ccae79fe20478c5643586.jpg", "output2429_png.rf.876be4add3963570a0f488725a379005.jpg", "output257_png.rf.1551a260ffb42deb327288110a1b6600.jpg", "output3381_png.rf.848ace4955cf619ee22409b28c4c26d0.jpg", "output3393_png.rf.b407347db892b8e5d5cef9320683bada.jpg", "output_chemical104_png.rf.9d4cfd40cb370aaec6153504ac2c357a.jpg", "output_stairs1242_png.rf.0bf1cc39e18871a94c3411115c767e48.jpg", "output_stairs2135_png.rf.3563e1417e7ec7afeb3abe400fd86ac0.jpg", "Right3_png.rf.54dfd4e6d1d67880a93e3df384047367.jpg", "Right4_png.rf.30409a689240d592f772c300a72143b8.jpg"], "all_boxes": [{"predictions": {"_type": "boxes2D", "sha256": "13a49f66883daf0fcc91d1effedb712d19c13adbcd9ab55436191a5ec626098c", "size": 34370, "path": "media/metadata/boxes2D/BoundingBoxDebugger_89_13a49f66883daf0fcc91.boxes2D.json"}}, {"predictions": {"_type": "boxes2D", "sha256": "c2ebf5eb5c648173aff3d8a959890f4312360ab58f0aab8c0dd76452ff173cf7", "size": 47036, "path": "media/metadata/boxes2D/BoundingBoxDebugger_89_c2ebf5eb5c648173aff3.boxes2D.json"}}, {"predictions": {"_type": "boxes2D", "sha256": "f9e843f29581b75ea51eb05d64bf33aed956efdfc3139148acd0ae5d5e6d85ee", "size": 45783, "path": "media/metadata/boxes2D/BoundingBoxDebugger_89_f9e843f29581b75ea51e.boxes2D.json"}}, {"predictions": {"_type": "boxes2D", "sha256": "7a5f35e7da7031bd5df6e729bd1b905952a47c9612a8a6c49e4598c0839e6abc", "size": 39835, "path": "media/metadata/boxes2D/BoundingBoxDebugger_89_7a5f35e7da7031bd5df6.boxes2D.json"}}, {"predictions": {"_type": "boxes2D", "sha256": "7e19a624754d7a288cbe34b86e7f74cd0db505a4a289bb572f8ef4f1661aeaac", "size": 44622, "path": "media/metadata/boxes2D/BoundingBoxDebugger_89_7e19a624754d7a288cbe.boxes2D.json"}}, {"predictions": {"_type": "boxes2D", "sha256": "269cbe37d36175903c22f9e658d15fe82a22ea2aad3fd8a2130d757fd4063001", "size": 45167, "path": "media/metadata/boxes2D/BoundingBoxDebugger_89_269cbe37d36175903c22.boxes2D.json"}}, {"predictions": {"_type": "boxes2D", "sha256": "a68c7d39cb45d635a8297dc6ae8681878381a468e13cd6025e4c721e1449f8a5", "size": 58646, "path": "media/metadata/boxes2D/BoundingBoxDebugger_89_a68c7d39cb45d635a829.boxes2D.json"}}, {"predictions": {"_type": "boxes2D", "sha256": "26e889f271d536782cb6e7b9aeea8e5eb2acaba33370f8deb0d2c89ea28d8fad", "size": 45927, "path": "media/metadata/boxes2D/BoundingBoxDebugger_89_26e889f271d536782cb6.boxes2D.json"}}, {"predictions": {"_type": "boxes2D", "sha256": "459afeadc68b59d4ab999a6f30a17c964a3e95ff9dad8e509c75d384d27cc7c6", "size": 58477, "path": "media/metadata/boxes2D/BoundingBoxDebugger_89_459afeadc68b59d4ab99.boxes2D.json"}}, {"predictions": {"_type": "boxes2D", "sha256": "c2392095b9ed847c849c4137a51f7ae8cbf21a2f7369e5ef3ced7ad8154cb1b2", "size": 8154, "path": "media/metadata/boxes2D/BoundingBoxDebugger_89_c2392095b9ed847c849c.boxes2D.json"}}, {"predictions": {"_type": "boxes2D", "sha256": "3cd23221c0cae30aaf6d5049bc570df88842bbb76654ad9d5d4f34d707b9e7c6", "size": 8570, "path": "media/metadata/boxes2D/BoundingBoxDebugger_89_3cd23221c0cae30aaf6d.boxes2D.json"}}, {"predictions": {"_type": "boxes2D", "sha256": "f4a01eca27b89eb5c468d27482dcc3e76268036072ce2eb5e1267f99aa8fe1b8", "size": 7829, "path": "media/metadata/boxes2D/BoundingBoxDebugger_89_f4a01eca27b89eb5c468.boxes2D.json"}}, {"predictions": {"_type": "boxes2D", "sha256": "a286f4244e8dc7e020f9026931883233ec12600cae1390142c1537b0f6dad970", "size": 5147, "path": "media/metadata/boxes2D/BoundingBoxDebugger_89_a286f4244e8dc7e020f9.boxes2D.json"}}, {"predictions": {"_type": "boxes2D", "sha256": "c4a110ffd50ae923c5faa054337c8192db78a92d79babb9f946845eb83e8b4ad", "size": 6751, "path": "media/metadata/boxes2D/BoundingBoxDebugger_89_c4a110ffd50ae923c5fa.boxes2D.json"}}, {"predictions": {"_type": "boxes2D", "sha256": "7028eba6b5b08330072b8093d422d1e6405b570424f54d8464fa75701319f42a", "size": 40646, "path": "media/metadata/boxes2D/BoundingBoxDebugger_89_7028eba6b5b08330072b.boxes2D.json"}}, {"predictions": {"_type": "boxes2D", "sha256": "53452bd453428f74336eb1899c6a53841261849568d843d12a077761aa9814c2", "size": 27073, "path": "media/metadata/boxes2D/BoundingBoxDebugger_89_53452bd453428f74336e.boxes2D.json"}}]}, "Validation": {"_type": "images/separated", "width": 1920, "height": 1464, "format": "jpg", "count": 2, "filenames": ["media/images/Validation_105_e68657483d86fd897a7a.jpg", "media/images/Validation_105_1910e15452857c1c287d.jpg"], "captions": ["val_batch0_labels.jpg", "val_batch0_pred.jpg"]}, "Results": {"_type": "images/separated", "width": 2400, "height": 1200, "format": "png", "count": 6, "filenames": ["media/images/Results_105_bb6e2c558be34ee5f5e3.png", "media/images/Results_105_9a55320048d5a589f696.png", "media/images/Results_105_4b5f6f90ec3b4d9c80be.png", "media/images/Results_105_27482b22205192be6cce.png", "media/images/Results_105_e59748a6d88175ec466a.png", "media/images/Results_105_4df04143d1b47d38a279.png"], "captions": ["results.png", "confusion_matrix.png", "F1_curve.png", "PR_curve.png", "P_curve.png", "R_curve.png"]}, "_wandb": {"runtime": 401}}