{"best/epoch": 299, "best/precision": 0.7296498103501324, "best/recall": 0.8193917433688584, "best/mAP_0.5": 0.8785757058166411, "best/mAP_0.5:0.95": 0.5579626343422864, "Labels": {"_type": "images/separated", "width": 1600, "height": 1600, "format": "jpg", "count": 2, "filenames": ["media/images/Labels_0_c7a633b1ab1b9fb9bd3f.jpg", "media/images/Labels_0_af7c8a03825171f56a5d.jpg"], "captions": ["labels.jpg", "labels_correlogram.jpg"]}, "train/box_loss": 0.02792409434914589, "train/obj_loss": 0.025359371677041054, "train/cls_loss": 0.009288166649639606, "metrics/precision": 0.7283188344597534, "metrics/recall": 0.8205935404596119, "metrics/mAP_0.5": 0.878599722622568, "metrics/mAP_0.5:0.95": 0.5569547398883604, "val/box_loss": 0.034729938954114914, "val/obj_loss": 0.030537687242031097, "val/cls_loss": 0.005085572134703398, "x/lr0": 0.00016600000000000043, "x/lr1": 0.00016600000000000043, "x/lr2": 0.00016600000000000043, "_timestamp": 1653737965, "_runtime": 1101, "_step": 300, "Mosaics": {"_type": "images/separated", "width": 1920, "height": 1920, "format": "jpg", "count": 3, "filenames": ["media/images/Mosaics_1_dab5779c635897241f6c.jpg", "media/images/Mosaics_1_7580cb314b2518cea137.jpg", "media/images/Mosaics_1_c079ad8a9667e6abc644.jpg"], "captions": ["train_batch0.jpg", "train_batch1.jpg", "train_batch2.jpg"]}, "BoundingBoxDebugger": {"_type": "images/separated", "width": 672, "height": 512, "format": "png", "count": 16, "filenames": ["media/images/BoundingBoxDebugger_299_963a619f7734a1bc8180.png", "media/images/BoundingBoxDebugger_299_655ce94f80970aca1966.png", "media/images/BoundingBoxDebugger_299_73170cde40edbc56d64c.png", "media/images/BoundingBoxDebugger_299_a97538ca8abda1992b57.png", "media/images/BoundingBoxDebugger_299_70b9022903877cd1ea76.png", "media/images/BoundingBoxDebugger_299_8fc04065620768df5e01.png", "media/images/BoundingBoxDebugger_299_d6bf7cc11131a7a6be38.png", "media/images/BoundingBoxDebugger_299_0db10b20390f7dca3dce.png", "media/images/BoundingBoxDebugger_299_4a9d434c8e2cc2b9cdf1.png", "media/images/BoundingBoxDebugger_299_7741f54732f44298f257.png", "media/images/BoundingBoxDebugger_299_73972f2eeefa3ea22741.png", "media/images/BoundingBoxDebugger_299_08f092f068fb8fb0620e.png", "media/images/BoundingBoxDebugger_299_a2e89071fb04202b46ca.png", "media/images/BoundingBoxDebugger_299_9f857bb8737e49c0c24b.png", "media/images/BoundingBoxDebugger_299_aaded26979a82d3e8e47.png", "media/images/BoundingBoxDebugger_299_e1c0127efccd5227aafd.png"], "captions": ["all4_png.rf.2cd6cd14e47d87ec0b1699689ded258f.jpg", "output10_png.rf.1e966b70f7bc6055ac62c9ee0e2cc302.jpg", "output1225_png.rf.948a7ea0952c67831469a99328cf6fdc.jpg", "output124_png.rf.4588f56c199f1b1827b846fd1123a012.jpg", "output1457_png.rf.786fa359d54374e222da0ad0f4ad5a76.jpg", "output1472_png.rf.d428e0ef816e29a988da49e6d3874801.jpg", "output23_png.rf.1c6204bbe93ccae79fe20478c5643586.jpg", "output2429_png.rf.876be4add3963570a0f488725a379005.jpg", "output257_png.rf.1551a260ffb42deb327288110a1b6600.jpg", "output3381_png.rf.848ace4955cf619ee22409b28c4c26d0.jpg", "output3393_png.rf.b407347db892b8e5d5cef9320683bada.jpg", "output_chemical104_png.rf.9d4cfd40cb370aaec6153504ac2c357a.jpg", "output_stairs1242_png.rf.0bf1cc39e18871a94c3411115c767e48.jpg", "output_stairs2135_png.rf.3563e1417e7ec7afeb3abe400fd86ac0.jpg", "Right3_png.rf.54dfd4e6d1d67880a93e3df384047367.jpg", "Right4_png.rf.30409a689240d592f772c300a72143b8.jpg"], "all_boxes": [{"predictions": {"_type": "boxes2D", "sha256": "7ae54f53cb73f2f63bab2ee25ce0f6c9be0dfdfc5d2e482a1fb0ba054e35f1a9", "size": 19927, "path": "media/metadata/boxes2D/BoundingBoxDebugger_299_7ae54f53cb73f2f63bab.boxes2D.json"}}, {"predictions": {"_type": "boxes2D", "sha256": "ded50224b9333875597dd4ea89034e4f5c2a7123a3ddc7e5de5a890741c91942", "size": 26445, "path": "media/metadata/boxes2D/BoundingBoxDebugger_299_ded50224b9333875597d.boxes2D.json"}}, {"predictions": {"_type": "boxes2D", "sha256": "e29c1c280e1aace3fd0254705bc1a33574697ed0a3ec2839847e4c6d00f7461b", "size": 25745, "path": "media/metadata/boxes2D/BoundingBoxDebugger_299_e29c1c280e1aace3fd02.boxes2D.json"}}, {"predictions": {"_type": "boxes2D", "sha256": "34a701f249f381b32c4fb22226712cd79aa5013d292f3c1068a2d1e9747b8925", "size": 25466, "path": "media/metadata/boxes2D/BoundingBoxDebugger_299_34a701f249f381b32c4f.boxes2D.json"}}, {"predictions": {"_type": "boxes2D", "sha256": "39beb71b12bdfb3d2e051c8550f9372601c8d752ba9c2841bb0dc94ea1253417", "size": 13842, "path": "media/metadata/boxes2D/BoundingBoxDebugger_299_39beb71b12bdfb3d2e05.boxes2D.json"}}, {"predictions": {"_type": "boxes2D", "sha256": "9a727e4484fc50ba894d11586274136e0f9151bdd4689194e3734703304ac666", "size": 16735, "path": "media/metadata/boxes2D/BoundingBoxDebugger_299_9a727e4484fc50ba894d.boxes2D.json"}}, {"predictions": {"_type": "boxes2D", "sha256": "2e6a361723f9a2042b62f83aa839e79101ebcec559a80a74e524a200edc30807", "size": 42661, "path": "media/metadata/boxes2D/BoundingBoxDebugger_299_2e6a361723f9a2042b62.boxes2D.json"}}, {"predictions": {"_type": "boxes2D", "sha256": "f1b3856f2f0eda944d0dc57fa1076db4914b09395a1afabaa9ee42d88654be2d", "size": 22404, "path": "media/metadata/boxes2D/BoundingBoxDebugger_299_f1b3856f2f0eda944d0d.boxes2D.json"}}, {"predictions": {"_type": "boxes2D", "sha256": "b04d779ef1a924a3633fc29c57b5a3eb340284a06f1ae237bef9fafbf06bdd71", "size": 48130, "path": "media/metadata/boxes2D/BoundingBoxDebugger_299_b04d779ef1a924a3633f.boxes2D.json"}}, {"predictions": {"_type": "boxes2D", "sha256": "42b71b22ff85d4dfa7a9efbb3864be0c47a2336e699076988abda152dc15e9d9", "size": 6031, "path": "media/metadata/boxes2D/BoundingBoxDebugger_299_42b71b22ff85d4dfa7a9.boxes2D.json"}}, {"predictions": {"_type": "boxes2D", "sha256": "29a3a6426f74652529205b81ffc559e15cb9e28760e6e2d8ead697ba75fbc8aa", "size": 5815, "path": "media/metadata/boxes2D/BoundingBoxDebugger_299_29a3a6426f7465252920.boxes2D.json"}}, {"predictions": {"_type": "boxes2D", "sha256": "5a094329264262dd0167211e275b230601ce009776084ea83f650f328246f41d", "size": 5864, "path": "media/metadata/boxes2D/BoundingBoxDebugger_299_5a094329264262dd0167.boxes2D.json"}}, {"predictions": {"_type": "boxes2D", "sha256": "654628f5fcec25b1e3a5d51055ab8ebe28ecdf511a0666203e252a35c5f5d2bd", "size": 5158, "path": "media/metadata/boxes2D/BoundingBoxDebugger_299_654628f5fcec25b1e3a5.boxes2D.json"}}, {"predictions": {"_type": "boxes2D", "sha256": "a73850efc4498f52cc5b7bdfa25ac65d74610e8bc42ee4dc25a27111a1ff5c70", "size": 5193, "path": "media/metadata/boxes2D/BoundingBoxDebugger_299_a73850efc4498f52cc5b.boxes2D.json"}}, {"predictions": {"_type": "boxes2D", "sha256": "be2b9d9299f501b6da070bf527e5a601cbc37f36b4bf946165fdd6d1ce40f4e7", "size": 22022, "path": "media/metadata/boxes2D/BoundingBoxDebugger_299_be2b9d9299f501b6da07.boxes2D.json"}}, {"predictions": {"_type": "boxes2D", "sha256": "d484773732c9c463fde991053ca12a175158eb8dd1bf8d1879b2ee652e741bc6", "size": 13983, "path": "media/metadata/boxes2D/BoundingBoxDebugger_299_d484773732c9c463fde9.boxes2D.json"}}]}, "Validation": {"_type": "images/separated", "width": 1920, "height": 1464, "format": "jpg", "count": 2, "filenames": ["media/images/Validation_300_e68657483d86fd897a7a.jpg", "media/images/Validation_300_0bb9501df0c6bcef0f2c.jpg"], "captions": ["val_batch0_labels.jpg", "val_batch0_pred.jpg"]}, "Results": {"_type": "images/separated", "width": 2400, "height": 1200, "format": "png", "count": 6, "filenames": ["media/images/Results_300_948e161bd78430ef6e0b.png", "media/images/Results_300_cf01aeafe2461de8af79.png", "media/images/Results_300_c44e5525f994de1db4a6.png", "media/images/Results_300_c79943e09f19f6475e87.png", "media/images/Results_300_5a6927854b2cc55af9e2.png", "media/images/Results_300_c7fd5dd354d51c143860.png"], "captions": ["results.png", "confusion_matrix.png", "F1_curve.png", "PR_curve.png", "P_curve.png", "R_curve.png"]}, "_wandb": {"runtime": 1099}}