{"best/epoch": 179, "best/precision": 0.7743092629779788, "best/recall": 0.7234881691442941, "best/mAP_0.5": 0.8552188628187858, "best/mAP_0.5:0.95": 0.49919988424461204, "Labels": {"_type": "images/separated", "width": 1600, "height": 1600, "format": "jpg", "count": 2, "filenames": ["media/images/Labels_0_c7a633b1ab1b9fb9bd3f.jpg", "media/images/Labels_0_af7c8a03825171f56a5d.jpg"], "captions": ["labels.jpg", "labels_correlogram.jpg"]}, "train/box_loss": 0.037016261368989944, "train/obj_loss": 0.032199058681726456, "train/cls_loss": 0.017833011224865913, "metrics/precision": 0.7744426608611785, "metrics/recall": 0.7237048736405235, "metrics/mAP_0.5": 0.8551262694993449, "metrics/mAP_0.5:0.95": 0.49807006795182623, "val/box_loss": 0.04368516802787781, "val/obj_loss": 0.033782172948122025, "val/cls_loss": 0.00721503933891654, "x/lr0": 0.0001990000000000001, "x/lr1": 0.0001990000000000001, "x/lr2": 0.0001990000000000001, "_timestamp": 1653740096, "_runtime": 1130, "_step": 200, "Mosaics": {"_type": "images/separated", "width": 1920, "height": 1920, "format": "jpg", "count": 3, "filenames": ["media/images/Mosaics_1_f1fe63049a393b7ba2d2.jpg", "media/images/Mosaics_1_5d31a3cd81e670bda381.jpg", "media/images/Mosaics_1_ff1deed122d3da94cb06.jpg"], "captions": ["train_batch0.jpg", "train_batch1.jpg", "train_batch2.jpg"]}, "BoundingBoxDebugger": {"_type": "images/separated", "width": 672, "height": 512, "format": "png", "count": 16, "filenames": ["media/images/BoundingBoxDebugger_199_963a619f7734a1bc8180.png", "media/images/BoundingBoxDebugger_199_655ce94f80970aca1966.png", "media/images/BoundingBoxDebugger_199_73170cde40edbc56d64c.png", "media/images/BoundingBoxDebugger_199_a97538ca8abda1992b57.png", "media/images/BoundingBoxDebugger_199_70b9022903877cd1ea76.png", "media/images/BoundingBoxDebugger_199_8fc04065620768df5e01.png", "media/images/BoundingBoxDebugger_199_d6bf7cc11131a7a6be38.png", "media/images/BoundingBoxDebugger_199_0db10b20390f7dca3dce.png", "media/images/BoundingBoxDebugger_199_4a9d434c8e2cc2b9cdf1.png", "media/images/BoundingBoxDebugger_199_7741f54732f44298f257.png", "media/images/BoundingBoxDebugger_199_73972f2eeefa3ea22741.png", "media/images/BoundingBoxDebugger_199_08f092f068fb8fb0620e.png", "media/images/BoundingBoxDebugger_199_a2e89071fb04202b46ca.png", "media/images/BoundingBoxDebugger_199_9f857bb8737e49c0c24b.png", "media/images/BoundingBoxDebugger_199_aaded26979a82d3e8e47.png", "media/images/BoundingBoxDebugger_199_e1c0127efccd5227aafd.png"], "captions": ["all4_png.rf.2cd6cd14e47d87ec0b1699689ded258f.jpg", "output10_png.rf.1e966b70f7bc6055ac62c9ee0e2cc302.jpg", "output1225_png.rf.948a7ea0952c67831469a99328cf6fdc.jpg", "output124_png.rf.4588f56c199f1b1827b846fd1123a012.jpg", "output1457_png.rf.786fa359d54374e222da0ad0f4ad5a76.jpg", "output1472_png.rf.d428e0ef816e29a988da49e6d3874801.jpg", "output23_png.rf.1c6204bbe93ccae79fe20478c5643586.jpg", "output2429_png.rf.876be4add3963570a0f488725a379005.jpg", "output257_png.rf.1551a260ffb42deb327288110a1b6600.jpg", "output3381_png.rf.848ace4955cf619ee22409b28c4c26d0.jpg", "output3393_png.rf.b407347db892b8e5d5cef9320683bada.jpg", "output_chemical104_png.rf.9d4cfd40cb370aaec6153504ac2c357a.jpg", "output_stairs1242_png.rf.0bf1cc39e18871a94c3411115c767e48.jpg", "output_stairs2135_png.rf.3563e1417e7ec7afeb3abe400fd86ac0.jpg", "Right3_png.rf.54dfd4e6d1d67880a93e3df384047367.jpg", "Right4_png.rf.30409a689240d592f772c300a72143b8.jpg"], "all_boxes": [{"predictions": {"_type": "boxes2D", "sha256": "c10daea68e816d9bceadc4d927fba998870c76035202588bcae250a7ec15eba6", "size": 58872, "path": "media/metadata/boxes2D/BoundingBoxDebugger_199_c10daea68e816d9bcead.boxes2D.json"}}, {"predictions": {"_type": "boxes2D", "sha256": "8dd86b07cb8091bcbd36440089c03149ad1ba898e821e858e74ededcfbaf3b20", "size": 58580, "path": "media/metadata/boxes2D/BoundingBoxDebugger_199_8dd86b07cb8091bcbd36.boxes2D.json"}}, {"predictions": {"_type": "boxes2D", "sha256": "e72641efe95614ee3057f7618cbac683a14636efe32f8b51f1aec01a0e9b6ea3", "size": 58788, "path": "media/metadata/boxes2D/BoundingBoxDebugger_199_e72641efe95614ee3057.boxes2D.json"}}, {"predictions": {"_type": "boxes2D", "sha256": "62f8a48f851b461d94756e533d92cd4887e49744d9de0868cfde29d9aabb2c80", "size": 58499, "path": "media/metadata/boxes2D/BoundingBoxDebugger_199_62f8a48f851b461d9475.boxes2D.json"}}, {"predictions": {"_type": "boxes2D", "sha256": "e29b3714565c8d8cd7e3b7e35d9eb806d6d26d71000aa1a86b0024f9210cfec0", "size": 58703, "path": "media/metadata/boxes2D/BoundingBoxDebugger_199_e29b3714565c8d8cd7e3.boxes2D.json"}}, {"predictions": {"_type": "boxes2D", "sha256": "740715b25bd9e33d4227d847c8541ea3872b134cd5ca2390678910e8b8891b54", "size": 58594, "path": "media/metadata/boxes2D/BoundingBoxDebugger_199_740715b25bd9e33d4227.boxes2D.json"}}, {"predictions": {"_type": "boxes2D", "sha256": "b020257b5e8a144ee3f68546461a6388eba9e119e1cfe994c335ff76aded5362", "size": 58605, "path": "media/metadata/boxes2D/BoundingBoxDebugger_199_b020257b5e8a144ee3f6.boxes2D.json"}}, {"predictions": {"_type": "boxes2D", "sha256": "a540600b54589fe0a85f3ee0e0199e2109ac65bc941edf0b2222a9b45b23c336", "size": 50842, "path": "media/metadata/boxes2D/BoundingBoxDebugger_199_a540600b54589fe0a85f.boxes2D.json"}}, {"predictions": {"_type": "boxes2D", "sha256": "b9c1958e2f448bb7fe61afdf50a112e4f3b6b4e24133b2c3f8f9062edff14430", "size": 58780, "path": "media/metadata/boxes2D/BoundingBoxDebugger_199_b9c1958e2f448bb7fe61.boxes2D.json"}}, {"predictions": {"_type": "boxes2D", "sha256": "73d7bee910e2ecbe711f5ebfd8371e043787127258636a576bbf50a2b95941f7", "size": 19519, "path": "media/metadata/boxes2D/BoundingBoxDebugger_199_73d7bee910e2ecbe711f.boxes2D.json"}}, {"predictions": {"_type": "boxes2D", "sha256": "9a3f5779eb01b92b27f2051c3d6498a03722f2a38a49f5755ace42d696dd8e85", "size": 19986, "path": "media/metadata/boxes2D/BoundingBoxDebugger_199_9a3f5779eb01b92b27f2.boxes2D.json"}}, {"predictions": {"_type": "boxes2D", "sha256": "0391296a175264bb6ee1c92b5a4667c28a919369c4a6e658cc605001cc715a4f", "size": 12067, "path": "media/metadata/boxes2D/BoundingBoxDebugger_199_0391296a175264bb6ee1.boxes2D.json"}}, {"predictions": {"_type": "boxes2D", "sha256": "01b36d2c15188d942d6cbf896107a3d294f4d1ed33cb76f7b3a3200e6799c424", "size": 13929, "path": "media/metadata/boxes2D/BoundingBoxDebugger_199_01b36d2c15188d942d6c.boxes2D.json"}}, {"predictions": {"_type": "boxes2D", "sha256": "484d0257a83e6fa18719b9f39ddc133e86c4a84f4248444196f0ceb86cac05ff", "size": 5781, "path": "media/metadata/boxes2D/BoundingBoxDebugger_199_484d0257a83e6fa18719.boxes2D.json"}}, {"predictions": {"_type": "boxes2D", "sha256": "85c4bd8cd8b9b8f6eb595db6949c4bf91c993277d63f5b0a5d5187b8139a5189", "size": 59229, "path": "media/metadata/boxes2D/BoundingBoxDebugger_199_85c4bd8cd8b9b8f6eb59.boxes2D.json"}}, {"predictions": {"_type": "boxes2D", "sha256": "d07e5bf8c7698cb33e900722975014a500033e536a4db53857114303f18c61a6", "size": 59145, "path": "media/metadata/boxes2D/BoundingBoxDebugger_199_d07e5bf8c7698cb33e90.boxes2D.json"}}]}, "Validation": {"_type": "images/separated", "width": 1920, "height": 1464, "format": "jpg", "count": 2, "filenames": ["media/images/Validation_200_e68657483d86fd897a7a.jpg", "media/images/Validation_200_ca848f26db1f17c372f2.jpg"], "captions": ["val_batch0_labels.jpg", "val_batch0_pred.jpg"]}, "Results": {"_type": "images/separated", "width": 2400, "height": 1200, "format": "png", "count": 6, "filenames": ["media/images/Results_200_14d45302e394b0445faa.png", "media/images/Results_200_64a13e6c48f5af3cf572.png", "media/images/Results_200_f1c9ff40db9638038663.png", "media/images/Results_200_9d3afdc3208227f1b25b.png", "media/images/Results_200_8da06c399b92902f2c89.png", "media/images/Results_200_b8d75a811440339dcab7.png"], "captions": ["results.png", "confusion_matrix.png", "F1_curve.png", "PR_curve.png", "P_curve.png", "R_curve.png"]}, "_wandb": {"runtime": 1129}}